reviewId,userName,userImage,content,score,thumbsUpCount,reviewCreatedVersion,at,replyContent,repliedAt
b917340b-aff1-4172-951d-fecbffbab64f,kitty exe has stopped working,https://play-lh.googleusercontent.com/a-/ACNPEu8viUy9SY4lCoY08irHPC5FNYAivMLg7w4I6iVjgw,Very useful. Can defenetly save lives.,5,0,4.3.3,2022-10-19 17:50:43,,
15b807cc-2afe-411e-82c2-e57065f0a7ae,John,https://play-lh.googleusercontent.com/a-/ACNPEu9YGDexpcu1Cyk_pmPqNQoDdsvecd9-KedyNyiE2Q,"Trafikmeddelande kommer ofta endast p√• Finska, och om de kommer p√• svenska s√• √§r det n√§r varningen inte l√§ngre √§r relevant... Har inte anv√§nt n√•gra av de andra funktionerna s√• kan inte ge n√•gon recension f√∂r resten av appen",3,0,4.3.3,2022-10-13 15:46:43,,
fab8f70d-25cb-4072-986e-161f007fdb6f,Uuno Turhapuro,https://play-lh.googleusercontent.com/a/ALm5wu0hAWEH8bezvxKRLOKD1lBrlw5BPICvBPNbTLFBLQ=mo,"Akun s√§√§st√§miseksi sovellus voisi tukea tummaa teemaa. K√§ytt√∂liittym√§lt√§√§n sovellus poikkeaa tavanomaisista Android sovelluksista. Sovellus voisi noudattaa k√§ytt√∂liittym√§n osalta Androidin natiiveja komponentteja. Sijaintiedon k√§ytt√∂ taustalla lis√§√§ huomattavasti akun kulutusta. Ei varmasti olisi iso ty√∂ lokalisoida sovellus my√∂s ven√§j√§ksi, viroksi, ranskaksi, saksaksi jne...",3,0,4.3.3,2022-08-22 16:49:48,,
3d1d2baa-970f-43eb-9101-065edb7138aa,Lasse Reinikainen,https://play-lh.googleusercontent.com/a/ALm5wu3vcUofaSLiEWqOU3He5SA86UHITTfF8tMNlrho=mo,"Sovellus on k√§ytt√∂kelvoton, koska se ruinaa kahden sekunnin v√§lein Google location services sallimista. No thanks vastaaminen ei auta.",1,1,4.3.3,2022-07-20 10:13:00,,
7d3e4bad-4bf3-4bf5-abd0-c09e219fcc90,Nuolipyssy klipit,https://play-lh.googleusercontent.com/a-/ACNPEu9WVd2BRr6stTG1TNawQBiOpUiP65Ya2QehgAnVJQ,i killed my dog √§nd i tindint ket eny help.,1,0,2.0.19433,2022-05-21 22:45:47,,
d1676e18-00a3-4934-b4d4-82128b954253,Antti Kukkonen,https://play-lh.googleusercontent.com/a-/ACNPEu_-OcBgmJWr7sRJVf1xGpDCqXyzrlyufYSctvgh4Q,"Avasin √§pin katsoakseni miten toimii. Ei puhettakaan, ett√§ olisi antanut soittaa h√§t√§puhelun. Ensin piti p√§√§tt√§√§ kymmenest√§ asetuksesta. Ette voi olla n√§in typeri√§! H√§t√§tilanteessa oleva ihminen ei halua p√§√§tt√§√§ sadasta asetuksesta, vaan saada apua. Teid√§n tulee HETI tehd√§ asialle jotain!",1,0,4.3.3,2022-04-18 14:33:56,,
d73dac0a-d818-4ec6-ab16-b96732bb9fd5,vesa,https://play-lh.googleusercontent.com/a/ALm5wu34cbDW1VPBd_k503Zr82gIxYsDv8an21Vhflii=mo,"rn-push-notification-channel -ilmoitukset (3 kpl), sek√§ TSLocationManager -ilmoitus asetuksissa. Vaikea sanoa mit√§ nuo ovat, mutta ainakin liikennetiedotteita tulee, vaikka ""Liikennetiedotteet"" on pois p√§√§lt√§.",3,0,4.3.3,2022-03-22 09:00:04,,
1eb79e77-2076-4c24-9846-37c90440ae54,John Collin,https://play-lh.googleusercontent.com/a/ALm5wu2L7rbTmJ3XpjMJv1cFhvMc3r2nQ1DI4iYa3-_h=mo,"En tied√§, toimiiko viranomaish√§lytykset, kun en saa sovelluksesta mink√§√§nlaisia s√§√§nn√∂llisi√§ koeilmoituksia. T√§nne eiv√§t kuulu yleiset sireenill√§ annetut h√§lytykset enk√§ kuuntele radiota jatkuvasti. Esim. ydinonnettomuudessa joditabletit pit√§√§ ottaa oikea-aikaisesti viranomaisohjeen mukaan. En tied√§ toimiiko t√§m√§ tarvittaessa? T√§m√§ n√§kyy olevan ainoa kanava palautteen antamiseksi. Toivottavasti menee perille kehitt√§jille.",1,0,4.3.3,2022-03-16 07:19:58,,
dd1aafc3-bdd4-47a0-aba7-01dd669d075d,Mats √Öngerman,https://play-lh.googleusercontent.com/a-/ACNPEu__t5AI-k1lBxzPrW7wIh2t6GpRBd8Y-ptUIm3R,"Verkligen j√§ttebra man har sin position genast, bara man har kontakt med gps eller telefon master-och str√∂m i batteriet :)))",4,0,4.3.3,2022-02-21 18:38:53,,
1da09446-e203-415d-8998-7cb40b87ff79,Jimi Korkala,https://play-lh.googleusercontent.com/a-/ACNPEu-4bR_1b9wtXv42wZ1sG2MF6aIc7s7Q56UfwEywuA,Pelastuslaitokset suosittelevat ja h√§ke suosittelee. Eiole ollut tarvetta soittaa. Monta tuhatta puhelua on soitettu t√§m√§n kautta (muut soittaneet tilastojen mukaan) ja 500 000 latausta pelastaa ihmishenki√§ suosittelen :-),5,2,4.2.21,2022-02-11 15:11:38,,
35f2ee1d-4504-4db3-9580-190013883556,Anton Temba,https://play-lh.googleusercontent.com/a/ALm5wu2_o_YBQ3QvwJxQhBloWcm2PZUcJZgjvK2m00pF=mo,Ei voi asetuksissa poistaa kova √§√§nist√§ h√§lytys √§√§nimerkki√§. Pelkk√§ notifikaatio riitt√§isi.,1,0,4.2.21,2021-11-01 11:56:38,,
7f271329-6717-4639-ae59-0b1e091a1eef,RM_ HTMLKoodaaja,https://play-lh.googleusercontent.com/a-/ACNPEu9D1RF3vI061CgxOShUNtCOh-Zs897p0cXUwfrt0Dk,Ihan turha,1,0,,2021-10-31 00:08:31,,
d5977332-6509-4ee7-be13-5d2c93b7f329,Aubrey Bailey,https://play-lh.googleusercontent.com/a-/ACNPEu-q-Cgrm0wE8gxUahHxleXX43a7qqDKhR3KaFvFYhM,"Interface is translated, but notifications are Fnnish-only and not copy/pastable for translate. Essentially useless if there is a real emergency",2,20,4.2.21,2021-10-24 12:57:35,,
4adab31c-933c-4475-bcb7-d863f49ca8e9,Patrik Forsman,https://play-lh.googleusercontent.com/a-/ACNPEu_lqhnR_K88PYbePRaDbKne2zQruvBdjDcq01Tp,"Hy√∂dyllinen sovellus, mutta auta armiasta mink√§laista jargonia noi tiedotteet on. Huomaa ett√§ tehty jollain automaatilla. Onnettomuuspaikat/tiety√∂t ilmoitetaan 100 km tieosuuksille ja johonkin risteyksee, teksiti√§ tyyliin ""...suuntaan Jyv√§skyl√§n suunnasta..."" yms.",4,0,4.2.21,2021-09-29 08:31:38,,
830099e8-ad93-4333-9b26-e6be59c7124e,J N,https://play-lh.googleusercontent.com/a-/ACNPEu-0Y1ggZpCwmZU7MJmBr9NPIrT-zJHx2Z6VY_tptg,Kysyy heti alussa puhelinnumeron. Kun menet asetuksiin on toimimaton softa jo poistanut sen. T√§h√§nk√∂ pit√§isi luottaa? GPS tarkkuus 150m on my√∂s t√§ysin hy√∂dyt√∂n.,1,0,4.2.21,2021-09-05 21:26:16,,
d3ec0dc4-c1f5-4291-b43c-6f8ea0e2e9ad,Antti Kinnunen,https://play-lh.googleusercontent.com/a/ALm5wu3Sd_OWXNG_hrmFqaWT9qDXS0NsvKTjG_AgihFS=mo,"Liikennetiedotteet tulevat nyky√§√§n aina tuplasti, miksi n√§in? Jouduin ottamaan pois p√§√§lt√§ t√§m√§n takia.",4,1,4.2.17,2021-07-06 12:59:26,,
b929e758-75ac-492e-a54c-9b410ad48fee,Kimmo Puranen,https://play-lh.googleusercontent.com/a-/ACNPEu-CVEf60Z5IfCbksxtl6MPcphwf6Ynvqvg3C_P9,Muuten aivan loistava sovellus mutta kun laitoin liikennetiedote-pushviestit p√§√§lle niin ne tulee joka kerta tuplana.,3,1,4.2.17,2021-06-23 12:36:52,,
a8e55c1f-4a3c-434b-a4e8-ee248a52f842,Dolby,https://play-lh.googleusercontent.com/a-/ACNPEu_lHLtyinOxnDiKltAz8sMvKkd--7m0Rx0cWMDZyA,"Liikaa sp√§mmi√§, viestej√§ ei pit√§isi l√§hett√§√§ mist√§√§n h√§ri√∂ist√§ joita on joka toinen p√§iv√§, ja miksi viestit on suomeksi ku sovellus on asetettu englanniksi?",1,2,4.0.3,2021-02-11 12:37:41,,
a32a2b96-737f-4916-a74a-13c90a5df1ec,Tuomas Ahola,https://play-lh.googleusercontent.com/a/ALm5wu344dNYfqlsSnv1rIJQo-33DzuZgD5249T6gXL6r2E=mo,H√§iritsev√§. Joka toinen p√§iv√§ tulee ilmoituksia jostain teknisist√§ ongelmista h√§t√§keskuksen toimintaan liittyen,2,4,4.0.3,2021-02-11 11:28:30,,
6b34d08a-68e4-46ac-b48e-cd64fabb0ba4,Marcus Soininen,https://play-lh.googleusercontent.com/a-/ACNPEu-VeUNzs8XE1NprUK0xfya87ahS9WSq9XsVXU15zQ,I guess the app works but they keep spamming notifications in Finnish no matter what language is selected so they can shove it up their tailpipes,1,10,4.0.3,2021-02-08 18:13:03,,
c069e0a0-edab-4ee4-befe-795f0480173b,Emilia N.,https://play-lh.googleusercontent.com/a/ALm5wu1ptczkIC5_Fb-7yH8kIaiVVYj-1QO8AKMyH6GL=mo,"Tulee v√§h√§n liikaa pakotettuja p√§√§t√§ halkovia piippauksia random aikoihin jostain h√§t√§tekstarista eri liittymiss√§. Aika marginaalinen ongelma varmaan her√§tt√§√§ koko Suomen k√§ytt√§j√§t v-u keskell√§ y√∂t√§ ja niin edelleen. Keksik√§√§ parempi keino tiedottamiseen kyseiselle k√§ytt√§j√§ryhm√§lle. Otin pois koko sovelluksen, koska t√§m√§ vaan jatkuu ja jatkuu.",1,0,,2021-02-08 18:10:14,,
2fe56852-f483-4eb6-ae68-dbed25ce1f62,Markus tolkki,https://play-lh.googleusercontent.com/a-/ACNPEu_7pHoHlLfdOFqOLbZv32iIiLm-0eiM31MmZiPG0g,Hy√∂dyllinen,5,0,4.0.3,2021-01-02 00:13:06,,
6f176114-d514-4ebb-a295-16cc3e9d8e44,Varaloba One,https://play-lh.googleusercontent.com/a/ALm5wu2Ifh0a-V9_r9k_iQq1bVqaNZWYX_LTSuJSe4ZB=mo,"It is difficult to rate an app, that hopefully, you never need to use, but the design, layout and information seems very good, as do the comments from other users, so because of what it is, and what it does, it really needs to be given a 5 star rating.",5,13,4.0.3,2020-11-07 10:05:40,,
69a648ee-b39d-4db9-9b7c-038da82dae6f,Z. Liu,https://play-lh.googleusercontent.com/a/ALm5wu3-5_6lfoXJyKApa3BXKXTCjCKaals42RNval9r=mo,"Have never needed the App, which is a good thing. Just received an alert. Couldn't copy the text to translation app. Hopefully it will be possible to copy the text of alerts.",2,21,4.0.3,2020-10-07 12:12:46,,
8273e27f-548d-4cc0-aaa6-fb0a38a71f47,Tttt Kkkk,https://play-lh.googleusercontent.com/a/ALm5wu1skrczDhTWwhAh4oUFrfy65ISEdURzdZ0tWCGD=mo,"Nykyaikaa! Etenkin paikannus on t√§rke√§, mutta my√∂s vaarailmoitusten saaminen suoraan k√§teen/puhelimeen.",5,0,4.0.3,2020-10-02 06:29:25,,
a3955f18-5bba-49f0-9d0d-6f9147167550,Juho Heikkil√§,https://play-lh.googleusercontent.com/a-/ACNPEu_rciMQ0kqtKeMP4ek2Qrz1yx4wFcSnvFhm9W_vcA,"Notifikaatioiden hallinta puuttuu. H√§iri√∂t matkapuhelinverkossa eiv√§t oikeastaan kiinnosta kolmelta aamuy√∂st√§ ainakaan niin paljon, ett√§ haluaisin √§√§nellisi√§ ilmoituksia.",2,3,4.0.3,2020-09-21 08:33:20,,
b64dbfac-7564-4a0a-8021-71a847ad26b6,Niklas L,https://play-lh.googleusercontent.com/a/ALm5wu3ulguHWlLkJSS9-N-MQAdr8SqPCI0HE0KFN9-McF4=mo,Amateur hour. Kuin jonkun opiskelijan harjoitusty√∂.,1,1,2.0.19433,2020-09-01 19:53:16,,
f48f7a9d-b32d-47a2-843e-18b093007c1a,UncleFankes,https://play-lh.googleusercontent.com/a-/ACNPEu82VNFi_Nozf9XxV2XBasFpUUNivSR88KHSCSEhmA,Eip√§ oo tullu onneks k√§ytetty√§üòÖ,5,0,4.0.3,2020-05-31 13:15:24,,
516429ad-d4b9-4bb7-a3cb-a981be459238,Kristian,https://play-lh.googleusercontent.com/a-/ACNPEu8d9LFfYqDV0bOTaa27KiujlfZDosmPONqo-DT-WMQ,Huippu p√§ivitys. L√∂ytyy tieto paljon paremmin,5,10,4.0.3,2020-05-31 01:29:35,,
548fe798-a9c8-41f4-a65d-caa31611c096,A Google user,https://play-lh.googleusercontent.com/EGemoI2NTXmTsBVtJqk8jxF9rh8ApRWfsIMQSt2uE4OcpQqbFu7f7NbTK05lx80nuSijCz7sc3a277R67g,Usefull,5,1,3.1.0,2020-04-27 22:54:26,,
001a11ff-378f-4236-b52e-205b35e50a53,A Google user,https://play-lh.googleusercontent.com/EGemoI2NTXmTsBVtJqk8jxF9rh8ApRWfsIMQSt2uE4OcpQqbFu7f7NbTK05lx80nuSijCz7sc3a277R67g,Very useful app. Shows automatically your location to emergency room. It has many other emergency numbers too. Authorities are able to send you public notifications.,5,14,2.0.0,2020-04-01 13:34:12,,
e5ab655e-2867-428e-b741-124b182e0d88,A Google user,https://play-lh.googleusercontent.com/EGemoI2NTXmTsBVtJqk8jxF9rh8ApRWfsIMQSt2uE4OcpQqbFu7f7NbTK05lx80nuSijCz7sc3a277R67g,Puhelin ilmoitti ett√§ sovellus haki sijaintini taustalla. Sain sovelluksen ladatessani sellaisen kuvan ett√§ sijaintia k√§ytett√§isiin vain h√§t√§puhelun yhteydess√§.,1,3,,2020-02-22 09:47:35,,
2122120f-5a46-446f-b1dd-5059e014edbd,A Google user,https://play-lh.googleusercontent.com/EGemoI2NTXmTsBVtJqk8jxF9rh8ApRWfsIMQSt2uE4OcpQqbFu7f7NbTK05lx80nuSijCz7sc3a277R67g,"Hienoa ettei notifikaation teksti n√§y kokonaan ja puuttuu dropdown symboli, mill√§ olisi n√§hnyt koko tekstin mit√§ yritettiin testeiss√§ l√§hett√§√§. Monet appsit osaa sen nyky√§√§n. Takaisin opettelemaan koodin v√§√§nt√∂√§ androideihin.",3,9,2.0.0,2020-02-11 12:18:48,,
1cb5c8fc-7cfc-48a3-abac-285beb203a6e,A Google user,https://play-lh.googleusercontent.com/EGemoI2NTXmTsBVtJqk8jxF9rh8ApRWfsIMQSt2uE4OcpQqbFu7f7NbTK05lx80nuSijCz7sc3a277R67g,"Ohjelma olisi mahdollisesti hyv√§ h√§t√§tilanteessa vaikka retkeilem√§ss√§ johonkin kivikkoon jalkansa rikkoneena. Ik√§v√§ kyll√§ puhelimen sijaintia t√§ytyisi jatkuvasti pit√§√§ p√§√§ll√§ jotta ohjelmasta saisi t√§yden hy√∂dyn, lis√§ksi vaikka ei pit√§isi, niin ohjelma n√§ytt√§√§ jatkuvasti t√§llaista ilmoitusta JOTA EI PYSTY PIILOTTAMAAN. Tuon h√§iritsev√§n ilmoituksen takia poistan 112 appin.",3,0,2.0.0,2020-01-19 19:23:15,,
9135b3e5-051c-4f06-bca6-4b3571be2139,A Google user,https://play-lh.googleusercontent.com/EGemoI2NTXmTsBVtJqk8jxF9rh8ApRWfsIMQSt2uE4OcpQqbFu7f7NbTK05lx80nuSijCz7sc3a277R67g,"Tarkempi paikannettavuus parantaa avunsaantia, ladatkaa ihmeess√§!",5,2,2.0.0,2020-01-03 12:01:59,,
aecdbe57-76c9-42e3-8207-e281e942e932,A Google user,https://play-lh.googleusercontent.com/EGemoI2NTXmTsBVtJqk8jxF9rh8ApRWfsIMQSt2uE4OcpQqbFu7f7NbTK05lx80nuSijCz7sc3a277R67g,"GPS on p√§√§ll√§ kokoajan ja kuluttaa akkua, sovelluksen sulkeminen ei auta. Voisi l√§hett√§√§ muutakin tietoa kuin vain sijainnin.",2,12,2.0.0,2019-12-21 16:41:02,,
71c47c0a-fa30-4821-a5f0-7ce1adf23896,A Google user,https://play-lh.googleusercontent.com/EGemoI2NTXmTsBVtJqk8jxF9rh8ApRWfsIMQSt2uE4OcpQqbFu7f7NbTK05lx80nuSijCz7sc3a277R67g,H√§t√§tiedotteesta ei tullut notikaatiota eik√§ √§√§nimerkki√§.,3,1,2.0.19433,2019-11-22 16:30:16,,
87da710c-ee78-4f04-87a6-07a257465d8d,A Google user,https://play-lh.googleusercontent.com/EGemoI2NTXmTsBVtJqk8jxF9rh8ApRWfsIMQSt2uE4OcpQqbFu7f7NbTK05lx80nuSijCz7sc3a277R67g,"Oikestaan aika surkea t√∂herrys, ei voi sy√∂tt√§√§ mit√§√§n tietoja itsest√§ josta voisi olla hy√∂ty√§ h√§t√§keskukselle esim allergia, l√§hiomaiset, kotiosoite tai lyhyt seloste terveydentilasta jos on jotain erityist√§. Jos saan kohtauksen niin en ehk√§ kykene puhumaan tai toimimaan niin ett√§ voisin neuvoa mit√§√§n. Kukahan koulupoika t√§m√§nkin k√∂t√∂styksen on tehnyt, toivotaan ettei tarvitse koskaan k√§ytt√§√§.",1,7,2.0.19433,2019-09-23 22:46:18,,
252394be-15c1-4056-b6fb-4f506fbf7b23,A Google user,https://play-lh.googleusercontent.com/EGemoI2NTXmTsBVtJqk8jxF9rh8ApRWfsIMQSt2uE4OcpQqbFu7f7NbTK05lx80nuSijCz7sc3a277R67g,"Sovellus on helppo ja hyvin k√§yt√§nn√∂llinen. Itsell√§ni oli sovellus k√§nnyk√§ss√§ h√§t√§tilanteessa, mutta en shokissa pystynyt avaamaan sit√§ vaan soitin normaalisti h√§t√§numeroon. Huomasin kuitenkin, miten vaikea oli shokissa neuvoa sijaintia, josta en edes ollut t√§ysin varma, joten sovelluksen k√§ytt√∂ normipuhelun sijaan olisi varmasti ollut parempi ratkaisu. Toivottavasti ei ole tarvetta jatkossa soitella h√§t√§numeroon, mutta nyt ainakin tied√§n sovelluksen lievitt√§v√§n h√§t√§tilanteen shokkia.",4,2,2.0.19433,2019-08-21 12:54:44,,
3d2505b4-a98d-49ba-a71d-72cf5083f4f4,A Google user,https://play-lh.googleusercontent.com/EGemoI2NTXmTsBVtJqk8jxF9rh8ApRWfsIMQSt2uE4OcpQqbFu7f7NbTK05lx80nuSijCz7sc3a277R67g,"Has some additional features, such as Hotline for Missing Children, confidential Child and Youth Phone and few others. Also you can check if in your area some public danger announcement was made. Did not see it in practice, just assume most of the features there are useful.",5,32,2.0.19433,2019-07-03 10:44:55,,
f1e00133-2a27-4ae8-86ef-6476a2f1dd72,A Google user,https://play-lh.googleusercontent.com/EGemoI2NTXmTsBVtJqk8jxF9rh8ApRWfsIMQSt2uE4OcpQqbFu7f7NbTK05lx80nuSijCz7sc3a277R67g,"Jos on totta ett√§ sovellusta voi k√§ytt√§√§ vain jos on antanut sille etuk√§teen puhelinnumeronsa se on rikollisen huono. Suurin osa k√§ytt√§jist√§ ei tied√§ sit√§ ja h√§t√§tilanteessa ei v√§ltt√§m√§tt√§ pysty sit√§ numeroa kirjoittamaan, etenkin jos joutuu toisen puhelimella tekem√§√§n h√§lytyksen.",1,32,2.0.19433,2019-07-01 18:35:15,,
62fd0743-ca98-443d-9599-0e4dbe4dbcde,A Google user,https://play-lh.googleusercontent.com/EGemoI2NTXmTsBVtJqk8jxF9rh8ApRWfsIMQSt2uE4OcpQqbFu7f7NbTK05lx80nuSijCz7sc3a277R67g,Ohjelman ulkoasu n√§ytt√§√§ selke√§lt√§ k√§ytt√§√§. Tietoja v√§lilehdell√§ olevista linkeist√§ ei kumpikaan toimi. K√§ytt√§j√§ ei siis pysty lukemaan k√§ytt√∂ehtoja tai tietosuojalausuntoa.,3,1,2.0.19433,2019-06-21 21:12:20,,
453a8b4f-b341-47ec-ad54-6d5930573836,A Google user,https://play-lh.googleusercontent.com/EGemoI2NTXmTsBVtJqk8jxF9rh8ApRWfsIMQSt2uE4OcpQqbFu7f7NbTK05lx80nuSijCz7sc3a277R67g,"Ohjelma vain antaa vain sijainnin mink√§ puhelimet tekee muutenkin nyky√§√§n. Ei kysy nime√§, ik√§√§, osoitetta, allegioita, l√§√§kityst√§, verityyppi√§, sairauksia, sosiaaliturvatunnusta, l√§hi omaista, omaisen puhelin numeroa. Naantalissa kun ei ole poliisia lainkaan niin mietitytt√§√§ mit√§ iloa t√§st√§ on. Kaikki mill√§ on v√§li√§, puuttuu t√§st√§ ohjelmasta.",1,21,2.0.19433,2019-05-07 09:07:27,,
463b9fa7-c411-4684-8501-8377174e7fdb,A Google user,https://play-lh.googleusercontent.com/EGemoI2NTXmTsBVtJqk8jxF9rh8ApRWfsIMQSt2uE4OcpQqbFu7f7NbTK05lx80nuSijCz7sc3a277R67g,worked really well. Got help 5 min from making the call. Was in the park without accurate address,5,4,2.0.19433,2019-04-20 11:46:47,,
71cb2899-2866-4c5b-a9e6-aab79deae5a6,A Google user,https://play-lh.googleusercontent.com/EGemoI2NTXmTsBVtJqk8jxF9rh8ApRWfsIMQSt2uE4OcpQqbFu7f7NbTK05lx80nuSijCz7sc3a277R67g,it is good beginning,2,0,2.0.19433,2019-03-30 12:37:53,,
bbe4cded-fc18-44d8-8572-91dd98b0e465,A Google user,https://play-lh.googleusercontent.com/EGemoI2NTXmTsBVtJqk8jxF9rh8ApRWfsIMQSt2uE4OcpQqbFu7f7NbTK05lx80nuSijCz7sc3a277R67g,"Ohjelmassa ei ole paljon teksti√§, joten yhdyssana-virheiden l√∂yt√§minen ei pit√§isi olla kovin vaikeaa. ""Apua h√§t√§ ja..""=> ""Apua h√§t√§- ja ..."". Uuden 31.01.2019-p√§ivityksen my√∂t√§ tuli paljon lis√§√§ vaatimuksia oikeuksille kuten ett√§ sallitaan k√§ynnistyminen puhelimen kynnistyksen yhteydess√§. T√§t√§ en hyv√§ksy, sill√§ se sy√∂ akkua kun ohjelma ajetaan taustalla. S√§√§li ett√§ joudun poistamaan t√§m√§n apin. Toivottavasti kukaan ei osu kohdalle joka tarvitsee apua ja kuole t√§m√§n takia!",1,15,2.0.19433,2019-03-16 20:07:01,,
7f7253f9-82ef-4c50-9783-15285c29a5ec,A Google user,https://play-lh.googleusercontent.com/EGemoI2NTXmTsBVtJqk8jxF9rh8ApRWfsIMQSt2uE4OcpQqbFu7f7NbTK05lx80nuSijCz7sc3a277R67g,hyv√§√§,5,1,2.0.19433,2019-02-27 18:41:09,,
104ad205-3c63-409c-8ade-ee2aad56e747,A Google user,https://play-lh.googleusercontent.com/EGemoI2NTXmTsBVtJqk8jxF9rh8ApRWfsIMQSt2uE4OcpQqbFu7f7NbTK05lx80nuSijCz7sc3a277R67g,Sovelluksessa pit√§isi olla mahdollisuus paikkakunnan manuaaliseen m√§√§ritt√§miseen esim. alueellisten vaaraviestien saamiseksi. Nyt tuo toimii vain jos gps on p√§√§ll√§ 24/7!,3,12,2.0.19433,2019-02-11 11:41:46,,
72a00853-2921-4e46-9f6b-7fd740b47f26,A Google user,https://play-lh.googleusercontent.com/EGemoI2NTXmTsBVtJqk8jxF9rh8ApRWfsIMQSt2uE4OcpQqbFu7f7NbTK05lx80nuSijCz7sc3a277R67g,Ei oikein h√§d√§ss√§ ole apua tuosta kun kyselee aina puhelinnumeroa. Ilmeisesti bugi. N√§kyy olevan normaalia julkisten IT-projektien tasoa. Miten on mahdollista ett√§ ei ole testeiss√§ tullut ilmi ennen julkaisua?,5,12,1.2.9,2019-02-01 11:34:02,,
ccf418aa-553b-46f2-ae5a-f18b5fd46349,A Google user,https://play-lh.googleusercontent.com/EGemoI2NTXmTsBVtJqk8jxF9rh8ApRWfsIMQSt2uE4OcpQqbFu7f7NbTK05lx80nuSijCz7sc3a277R67g,This app is not necessary anymore... All android phones send the coordinates to the emergency center instantly when you call.,2,28,1.1.145,2019-01-31 19:10:39,,
15679991-4e6b-4f3a-be2a-ac9949c81886,A Google user,https://play-lh.googleusercontent.com/EGemoI2NTXmTsBVtJqk8jxF9rh8ApRWfsIMQSt2uE4OcpQqbFu7f7NbTK05lx80nuSijCz7sc3a277R67g,Easy to use. Hope ill never have to tho,4,48,2.0.19433,2019-01-30 19:40:04,,
473dc5ae-7d94-4a15-b704-504ab6b111c6,A Google user,https://play-lh.googleusercontent.com/EGemoI2NTXmTsBVtJqk8jxF9rh8ApRWfsIMQSt2uE4OcpQqbFu7f7NbTK05lx80nuSijCz7sc3a277R67g,Did not call 112 Papa died for nothing,5,2,1.1.145,2018-12-12 13:02:40,,
91378440-9b7a-49e4-a09b-0164b24f4791,A Google user,https://play-lh.googleusercontent.com/EGemoI2NTXmTsBVtJqk8jxF9rh8ApRWfsIMQSt2uE4OcpQqbFu7f7NbTK05lx80nuSijCz7sc3a277R67g,I've used this 2-3 times and everytime they ask me to desribe my location. Doesn't seem to work for whatever reason.,2,6,1.2.9,2018-09-09 08:57:45,,
877c8aba-ff14-4760-82c0-a9a0ef87e275,A Google user,https://play-lh.googleusercontent.com/EGemoI2NTXmTsBVtJqk8jxF9rh8ApRWfsIMQSt2uE4OcpQqbFu7f7NbTK05lx80nuSijCz7sc3a277R67g,"Toimivan oloinen sovellus, mutta toimivuudesta ei voi sanoa paljoa koska 
onneksi ei viel√§ ole tarvetta t√§lle ollut. Ulkon√§k√∂ voisi olla hieman 
modernimpi, t√§ll√§ hetkell√§ n√§ytt√§√§ 90 luvulla tehdylt√§.",3,7,1.2.9,2018-08-04 10:49:28,,
4c7428ed-5967-4b63-8b99-6fe66b27ed93,A Google user,https://play-lh.googleusercontent.com/EGemoI2NTXmTsBVtJqk8jxF9rh8ApRWfsIMQSt2uE4OcpQqbFu7f7NbTK05lx80nuSijCz7sc3a277R67g,"Ruotsinkieliset k√§√§nn√∂kset on k√∂kk√∂j√§! ""Konfidentiell st√∂d f√∂r barn och 
ungar"" -> Konfidentiellt st√∂d f√∂r barn och unga. (Ungar tarkoittaa 
""pennuille"") ""Hj√§lp till dem som utnyttjar offentlig service"" -> Hj√§lp till 
dem som anv√§nder offentlig service (utnyttja = k√§ytt√§√§ hyv√§kseen, 
anv√§nda=k√§ytt√§√§)",3,20,1.2.9,2018-05-28 11:36:17,,
e0c09170-98ce-405d-97eb-ba3d72c00779,A Google user,https://play-lh.googleusercontent.com/EGemoI2NTXmTsBVtJqk8jxF9rh8ApRWfsIMQSt2uE4OcpQqbFu7f7NbTK05lx80nuSijCz7sc3a277R67g,Forgets your phone number on device reboot and asks for it when you launch the app.  This is irresponsible and will cause someone to not get help in time. It is borderline criminal to have this app available. Why does it even need your number? Fix it or remove it.,1,17,1.2.6,2018-03-02 19:17:38,,
f389b847-aed0-4f7d-a460-64ff1bb53973,A Google user,https://play-lh.googleusercontent.com/EGemoI2NTXmTsBVtJqk8jxF9rh8ApRWfsIMQSt2uE4OcpQqbFu7f7NbTK05lx80nuSijCz7sc3a277R67g,"It should have the ability to upload or share pictures and video of incidents and anonymously. just spotted a drunk driver who smoked a cigarette while filling gas. nowhere to upload. and i dont want to give my info, just offer a tip about a hazard. and gps on automatically.",3,1,,2018-02-18 15:44:33,,
b908680c-37c4-4c48-8810-8c6b5d421274,A Google user,https://play-lh.googleusercontent.com/EGemoI2NTXmTsBVtJqk8jxF9rh8ApRWfsIMQSt2uE4OcpQqbFu7f7NbTK05lx80nuSijCz7sc3a277R67g,Wonder what happens with dual-SIM as the app asks for just one phone number.,4,13,1.2.6,2018-02-04 14:51:21,,
f1a2a2c6-6ce6-404f-b907-19d9851fd44a,A Google user,https://play-lh.googleusercontent.com/EGemoI2NTXmTsBVtJqk8jxF9rh8ApRWfsIMQSt2uE4OcpQqbFu7f7NbTK05lx80nuSijCz7sc3a277R67g,This is a good app to have just in case,5,1,1.1.205,2017-12-29 18:16:36,,
162659b0-5aac-4837-ba3d-5006e8f2ff2d,A Google user,https://play-lh.googleusercontent.com/EGemoI2NTXmTsBVtJqk8jxF9rh8ApRWfsIMQSt2uE4OcpQqbFu7f7NbTK05lx80nuSijCz7sc3a277R67g,Everyone should install this for their own safety if emergency happens,5,1,1.1.205,2017-12-28 13:28:22,,
1cd42195-e1b2-4c2f-b1bd-c8a48d5294a3,A Google user,https://play-lh.googleusercontent.com/EGemoI2NTXmTsBVtJqk8jxF9rh8ApRWfsIMQSt2uE4OcpQqbFu7f7NbTK05lx80nuSijCz7sc3a277R67g,Varmuuden vuoksi ja helpottamaan h√§d√§ss√§.,5,3,1.1.205,2017-12-05 17:21:29,,
3bcda8cc-f6c0-484d-ab15-a9c27e91efb3,A Google user,https://play-lh.googleusercontent.com/EGemoI2NTXmTsBVtJqk8jxF9rh8ApRWfsIMQSt2uE4OcpQqbFu7f7NbTK05lx80nuSijCz7sc3a277R67g,Pit√§is olla pieni kartta my√∂s niin soittaja voisi tarkistaa ett√§ n√§kyyk√∂ sijainti oikein,3,12,1.1.206,2017-09-20 09:05:14,,
3b57d4a1-03ae-4aa8-9175-1cc3a3697536,A Google user,https://play-lh.googleusercontent.com/EGemoI2NTXmTsBVtJqk8jxF9rh8ApRWfsIMQSt2uE4OcpQqbFu7f7NbTK05lx80nuSijCz7sc3a277R67g,"En onnistunut lataamaan sovellusta Samsung Galaxy A3:een, tai ainakaan l√∂yt√§m√§√§n sit√§ ja siirt√§m√§√§n sen kuvaketta p√§√§n√§ytt√∂√∂n. Digian chatti pyysi k√§√§ntym√§√§n Samsungin puoleen, ja pitk√§n keskustelun ja kokeilun j√§lkeen Samsungin chatti kehoitti k√§√§ntym√§√§n Digitan puoleen ja kun viel√§ kysyin eik√∂ Samsungilla olla sovelluksen k√§ytt√∂tarkoiutus huomioiden valmiita kokeilemaan asiaa ihan samanmallinen puhelin k√§dess√§ Samsungin tukihenkil√∂ pani chatin poikki. Mieleen tuli jaettu omakotiurakka jossa s√§hk√∂mies., putkimies ja muurari pallottelevat asiaa ja vastuuta toistensa v√§lill√§ ja rakennuttaja-loppukuluttaja on ymm√§ll√§√§n. Jos chattitukihenkil√∂t kuvittelevat ett√§ vanha sitke√§ toimittaja j√§tt√§√§ asian t√§h√§n niin arvaus meni pieleen :-). Uskon ett√§ rakastan ohjelmaa kunhan saan sen pelitt√§m√§√§n, mutta t√§ll√§ hetkell√§ 1 t√§hti = ""I hated it"". T√§ll√§ ei sanottu etteik√∂ vika voi olla ""√§ly""puhelimeni jossain asetuksessa, mutta olisi luullut asian jo noilla tukiyhteydenotoilla selvinneen.",1,0,,2017-09-13 13:27:19,,
fb22ff5a-5791-4233-9c6f-ed178ebf571c,A Google user,https://play-lh.googleusercontent.com/EGemoI2NTXmTsBVtJqk8jxF9rh8ApRWfsIMQSt2uE4OcpQqbFu7f7NbTK05lx80nuSijCz7sc3a277R67g,"App would be 5 star app, if a calls wouldn't have any manual actions. Now the app just redirect call number phone app.",4,4,1.1.206,2017-09-08 10:24:03,,
211eb5bc-ad3b-49ba-918e-f577f57f8164,A Google user,https://play-lh.googleusercontent.com/EGemoI2NTXmTsBVtJqk8jxF9rh8ApRWfsIMQSt2uE4OcpQqbFu7f7NbTK05lx80nuSijCz7sc3a277R67g,"MUISTAKAA k√§ytt√§√§ sovellusta p√§√§ll√§ ennen h√§t√§tilannetta, sill√§ sovellus kysyy puhelinnumeroa ensimm√§isell√§ k√§ynnistyskerralla. Sit√§ on paha alkaa sitten h√§t√§tilanteessa n√§pp√§ilem√§√§n.",5,15,1.1.204,2017-08-31 08:21:06,,
00258d8d-fff6-4d8f-833a-b6eac4764928,A Google user,https://play-lh.googleusercontent.com/EGemoI2NTXmTsBVtJqk8jxF9rh8ApRWfsIMQSt2uE4OcpQqbFu7f7NbTK05lx80nuSijCz7sc3a277R67g,Just shuts down. Immediately.,1,2,1.1.145,2017-08-28 17:43:51,,
3ec75c93-1e30-4b50-bae2-85d2f82c749b,A Google user,https://play-lh.googleusercontent.com/EGemoI2NTXmTsBVtJqk8jxF9rh8ApRWfsIMQSt2uE4OcpQqbFu7f7NbTK05lx80nuSijCz7sc3a277R67g,Kaatuu heti k√§ynnistyksen j√§lkeen 1+5ll√§,1,2,1.1.145,2017-08-20 16:13:23,,
770a73fb-126f-4e5f-9ab8-7ee07b2dc7fd,A Google user,https://play-lh.googleusercontent.com/EGemoI2NTXmTsBVtJqk8jxF9rh8ApRWfsIMQSt2uE4OcpQqbFu7f7NbTK05lx80nuSijCz7sc3a277R67g,"Ei l√§hde ollenkaan k√§yntiin Oneplus 5:lla (128GB malli). ""Enter your phone number to start using program"" v√§l√§ht√§√§ ruudulla ja ohjelma kippaa.",4,6,1.1.145,2017-08-20 09:06:18,,
3e0a4405-1071-4327-b0ec-c707d741602b,A Google user,https://play-lh.googleusercontent.com/EGemoI2NTXmTsBVtJqk8jxF9rh8ApRWfsIMQSt2uE4OcpQqbFu7f7NbTK05lx80nuSijCz7sc3a277R67g,OnePlus 5: kaatuu samantien.,3,3,,2017-08-16 22:23:13,,
34afb0f7-616d-44d0-b916-b03b003fa747,A Google user,https://play-lh.googleusercontent.com/EGemoI2NTXmTsBVtJqk8jxF9rh8ApRWfsIMQSt2uE4OcpQqbFu7f7NbTK05lx80nuSijCz7sc3a277R67g,"Kaatuu OnePlus 5:n vakiolla Oxygen OS:ll√§ heti k√§ynnist√§ess√§, custom rommeilla toimii ok.",1,7,1.1.145,2017-08-16 06:00:56,,
366c7d94-b50b-42b8-a1fc-343bcdb29754,A Google user,https://play-lh.googleusercontent.com/EGemoI2NTXmTsBVtJqk8jxF9rh8ApRWfsIMQSt2uE4OcpQqbFu7f7NbTK05lx80nuSijCz7sc3a277R67g,"Ei toimi OnePlus 5 luurissa... Ohjelma kaatuu n√§ytt√∂√∂n, jossa pyydet√§√§n vahvistamaan puhelinnumero.",1,6,1.1.145,2017-08-08 21:21:10,,
410af17d-0ac7-4484-895d-a79039a51709,A Google user,https://play-lh.googleusercontent.com/EGemoI2NTXmTsBVtJqk8jxF9rh8ApRWfsIMQSt2uE4OcpQqbFu7f7NbTK05lx80nuSijCz7sc3a277R67g,Kaatuu heti avatessa. Olisi syyt√§ korjata pikimmiten!,1,3,1.1.145,2017-08-05 21:30:04,,
575376bf-aeba-4fa6-9233-c3c56567e42c,A Google user,https://play-lh.googleusercontent.com/EGemoI2NTXmTsBVtJqk8jxF9rh8ApRWfsIMQSt2uE4OcpQqbFu7f7NbTK05lx80nuSijCz7sc3a277R67g,Kaatuu nyky√§√§n ohjelmaa k√§ynnistett√§ess√§.,1,1,1.1.145,2017-08-05 10:52:05,,
2766758e-cd36-44db-8afa-b22bd005753e,A Google user,https://play-lh.googleusercontent.com/EGemoI2NTXmTsBVtJqk8jxF9rh8ApRWfsIMQSt2uE4OcpQqbFu7f7NbTK05lx80nuSijCz7sc3a277R67g,It would be good if you could + for intetnational users.... not everybody knows the generic code for Finland for instance,4,0,1.1.145,2017-07-16 10:44:56,,
ba0b4a83-c9fd-4ceb-a317-c4c59dbdc194,A Google user,https://play-lh.googleusercontent.com/EGemoI2NTXmTsBVtJqk8jxF9rh8ApRWfsIMQSt2uE4OcpQqbFu7f7NbTK05lx80nuSijCz7sc3a277R67g,Hidas ja k√∂mpel√∂ k√§ytt√§√§.,2,0,1.1.145,2017-06-19 18:50:47,,
51bc6c63-275c-44f5-b31b-0fe4208c2c23,A Google user,https://play-lh.googleusercontent.com/EGemoI2NTXmTsBVtJqk8jxF9rh8ApRWfsIMQSt2uE4OcpQqbFu7f7NbTK05lx80nuSijCz7sc3a277R67g,Does not locate me on startup nor after waiting 5 mins. Settings are checked and should be working.,2,1,1.1.145,2017-03-08 18:39:27,,
ec1e184f-5b58-41e6-948f-c7b4f24f5cdc,A Google user,https://play-lh.googleusercontent.com/EGemoI2NTXmTsBVtJqk8jxF9rh8ApRWfsIMQSt2uE4OcpQqbFu7f7NbTK05lx80nuSijCz7sc3a277R67g,Awesome and useful but gps and location accuracy doesn't work. Searching for location but doesn't find. Thanks,4,1,1.1.145,2017-01-20 11:00:20,,
d3aefe60-e4e2-48a4-a470-68a03614bb31,A Google user,https://play-lh.googleusercontent.com/EGemoI2NTXmTsBVtJqk8jxF9rh8ApRWfsIMQSt2uE4OcpQqbFu7f7NbTK05lx80nuSijCz7sc3a277R67g,Hyv√§,5,0,1.1.145,2017-01-19 06:49:31,,
f194fdfa-b206-4211-80b7-e222fdffe550,A Google user,https://play-lh.googleusercontent.com/EGemoI2NTXmTsBVtJqk8jxF9rh8ApRWfsIMQSt2uE4OcpQqbFu7f7NbTK05lx80nuSijCz7sc3a277R67g,"Eik√∂s toi kannattais koodata silleen ett√§ soittaessa GPS sijainti menee automaattisesti p√§√§lle, jos ei viel√§ ole. Kukaan paniikissa tajua alkaa mit√§ gps asetuksia s√§√§t√§m√§√§n.",3,44,1.1.145,2016-10-14 13:21:22,,
8d30161e-f4ce-4a57-9e7f-cf1e4f8dfc25,A Google user,https://play-lh.googleusercontent.com/EGemoI2NTXmTsBVtJqk8jxF9rh8ApRWfsIMQSt2uE4OcpQqbFu7f7NbTK05lx80nuSijCz7sc3a277R67g,Nice piece of sw. And the interface is good. The idea of the interface is not to look fancy but be visible and clear from a longer distance.  Also the idea of having a map in the background does not work. The map needs time to load. And in many situations the lines are too bad for downloading a map.,5,24,1.1.145,2016-04-17 18:07:06,,
fc5790aa-5431-4734-a375-922698987c94,A Google user,https://play-lh.googleusercontent.com/EGemoI2NTXmTsBVtJqk8jxF9rh8ApRWfsIMQSt2uE4OcpQqbFu7f7NbTK05lx80nuSijCz7sc3a277R67g,Show a Google Map or OpenStreetMap on front screen on the lower part. Maybe you could toggle it with a touch with the GPS-coordinates.,3,21,1.1.145,2016-02-29 16:07:50,,
ca831755-4842-4e6c-9b49-15312b8db5c6,A Google user,https://play-lh.googleusercontent.com/EGemoI2NTXmTsBVtJqk8jxF9rh8ApRWfsIMQSt2uE4OcpQqbFu7f7NbTK05lx80nuSijCz7sc3a277R67g,Nice idea,5,2,1.1.145,2016-02-13 11:05:29,,
e5e8529d-4e09-459a-bacf-9725e4f78d49,A Google user,https://play-lh.googleusercontent.com/EGemoI2NTXmTsBVtJqk8jxF9rh8ApRWfsIMQSt2uE4OcpQqbFu7f7NbTK05lx80nuSijCz7sc3a277R67g,T√§n√§√§n joutui testaamaan kyseist√§ app ja todella hyvin l√∂ysiv√§t onnettomuus paikalle.,5,10,1.1.145,2015-12-15 08:24:32,,
019064f1-dc6b-43aa-9a1f-d47a1c2af9d5,A Google user,https://play-lh.googleusercontent.com/EGemoI2NTXmTsBVtJqk8jxF9rh8ApRWfsIMQSt2uE4OcpQqbFu7f7NbTK05lx80nuSijCz7sc3a277R67g,"Hyv√§ appi, yksi parannusidea olisi: lis√§tk√§√§ ominaisuus jolla √úber-taksin voi napin painalluksella ilmoittaa h√§lytyskeskukseen, jos sellaisen sattuu n√§kem√§√§n.",5,9,1.1.145,2015-08-14 13:45:19,,
1fd54845-11d6-40b6-bd5f-900443c1e067,A Google user,https://play-lh.googleusercontent.com/EGemoI2NTXmTsBVtJqk8jxF9rh8ApRWfsIMQSt2uE4OcpQqbFu7f7NbTK05lx80nuSijCz7sc3a277R67g,Tuli kokeiltua oikeassa h√§t√§tilanteessa ja puhelinnumeron kirjoitus pilasi koko homman. Meni paljon aikaa selitt√§√§ h√§t√§keskukseen sijaintia. Ei n√§in.,1,18,1.1.145,2015-07-15 22:43:04,,
fcd8b269-6f7d-46e4-925a-0cbd88d0094c,A Google user,https://play-lh.googleusercontent.com/EGemoI2NTXmTsBVtJqk8jxF9rh8ApRWfsIMQSt2uE4OcpQqbFu7f7NbTK05lx80nuSijCz7sc3a277R67g,"Aivan t√§ydellinen sovellus! Varsinkin, kun n√§iss√§ rekkahommissa ei useinkaan ole mit√§√§n k√§ry√§ tarkasta sijainnista.",5,12,1.1.145,2015-07-08 07:34:53,,
f6078923-2312-4765-8993-a049640754f6,A Google user,https://play-lh.googleusercontent.com/EGemoI2NTXmTsBVtJqk8jxF9rh8ApRWfsIMQSt2uE4OcpQqbFu7f7NbTK05lx80nuSijCz7sc3a277R67g,"Versio 1.1 on jo aika hyv√§, eik√§ en√§√§ ole ihmeen isokokoinen. Toimii ainakin Samsung Galaxy Note 4:ss√§, Android 5.01. Akkua kuluu muutenkin niin paljon, ettei yksi GPS vaikuta asiaan sit√§ eik√§ t√§t√§. Olisi kiva, jos t√§t√§ voisi jotenkin testata johonkin testinumeroon, kun h√§t√§keskukseen ei testisoittoja saa tehd√§.",5,11,1.1.145,2015-06-30 21:54:23,,
0084e885-4b2e-4c84-b507-ebee6ca5e2ac,A Google user,https://play-lh.googleusercontent.com/EGemoI2NTXmTsBVtJqk8jxF9rh8ApRWfsIMQSt2uE4OcpQqbFu7f7NbTK05lx80nuSijCz7sc3a277R67g,"Ei t√§t√§ uskalla k√§ytt√§√§, ettei vahingossa turhaan soita. Ideana muuten hyv√§, mutta muistaako h√§t√§tilanteessa t√§m√§n muiden sovellusten joukosta etsi√§.",3,0,1.0.119,2015-06-28 23:33:47,,
c92c67e3-e225-4316-b167-8182fc48f60d,A Google user,https://play-lh.googleusercontent.com/EGemoI2NTXmTsBVtJqk8jxF9rh8ApRWfsIMQSt2uE4OcpQqbFu7f7NbTK05lx80nuSijCz7sc3a277R67g,"Did someone vomit on screen when doing the design? Would it hurt to *try* to learn a bit Android design before jumping into devving? This is an embarrassment to your brand, Digia.",1,4,1.0.119,2015-06-26 00:14:13,,
c9444480-c968-4840-951c-65f719f7d8bd,A Google user,https://play-lh.googleusercontent.com/EGemoI2NTXmTsBVtJqk8jxF9rh8ApRWfsIMQSt2uE4OcpQqbFu7f7NbTK05lx80nuSijCz7sc3a277R67g,"Aika kookas softa toiminnallisuuteensa n√§hden, 45mt. Ei jatkoon vaikka idea hyv√§. Toteutus huono.",2,2,,2015-06-23 00:10:13,,
d948e8fd-7388-4220-83ed-6e1ada1e5b28,A Google user,https://play-lh.googleusercontent.com/EGemoI2NTXmTsBVtJqk8jxF9rh8ApRWfsIMQSt2uE4OcpQqbFu7f7NbTK05lx80nuSijCz7sc3a277R67g,"""Olet t√§ss√§"" on olennaisin tieto, hyv√§, pisteit√§ siit√§. Sovellus saisi kuitenkin kytke√§ gps-antennin hetkeksi p√§√§lle v√§kisin, muutoin totuus on enemm√§nkin ""Olet jossain t√§√§ll√§main"". Jos t√§m√§ ei muka onnistu (wmd osaa kyll√§ t√§m√§n), niin v√§hint√§√§nkin jonnekin kulmaan kehoitus kytke√§ antenni p√§√§lle. Miinusta tulee sairaalloisesta ylipainosta ja k√§√§nn√∂svirheest√§ (It√§ mukamas 'E' ruotsiksi).",3,2,1.0.119,2015-06-22 21:46:31,,
c9755412-8fbb-4054-982f-34d6dbdc1b53,A Google user,https://play-lh.googleusercontent.com/EGemoI2NTXmTsBVtJqk8jxF9rh8ApRWfsIMQSt2uE4OcpQqbFu7f7NbTK05lx80nuSijCz7sc3a277R67g,Jostakin syyst√§ ei tallenna puhelinnumeroa sovellukseen. Puhelin Sony Z1.,4,0,1.0.119,2015-06-22 16:53:24,,
734696e0-0def-466a-805e-955a93eb3850,A Google user,https://play-lh.googleusercontent.com/EGemoI2NTXmTsBVtJqk8jxF9rh8ApRWfsIMQSt2uE4OcpQqbFu7f7NbTK05lx80nuSijCz7sc3a277R67g,"Ohjelma mik√§ mik√§ soittaa puhelun ja n√§ytt√§√§ pari puhelinnumeroa, koko asennettuna melkein 43 Mt. Muutenkin voin yhty√§ aikaisempiin kommentteihin qt:n k√§yt√∂st√§ t√§mm√∂iseen ohjelmistoon. Ja viel√§ laadunvalvonnan pett√§minen puhelinnumeron tallennuksen kanssa.",1,5,1.0.119,2015-06-21 16:19:20,,
9fd6e329-6839-4786-a8f8-f72ab4e7cae1,A Google user,https://play-lh.googleusercontent.com/EGemoI2NTXmTsBVtJqk8jxF9rh8ApRWfsIMQSt2uE4OcpQqbFu7f7NbTK05lx80nuSijCz7sc3a277R67g,Good. Hopefully no need for this though.,5,2,1.0.119,2015-06-19 08:19:59,,
c8323836-9727-42e2-9b12-44d072fa8760,A Google user,https://play-lh.googleusercontent.com/EGemoI2NTXmTsBVtJqk8jxF9rh8ApRWfsIMQSt2uE4OcpQqbFu7f7NbTK05lx80nuSijCz7sc3a277R67g,Yksinkertaisen loistava idea,5,0,1.0.119,2015-06-19 07:55:33,,
8b41b77a-9966-4f08-8c9a-b6cf1dc1d6cb,A Google user,https://play-lh.googleusercontent.com/EGemoI2NTXmTsBVtJqk8jxF9rh8ApRWfsIMQSt2uE4OcpQqbFu7f7NbTK05lx80nuSijCz7sc3a277R67g,"The application needs to be ""swipe killed""  to save the phone number. Either force closing it or ""backing"" out of seems to make the saving fail for whatever reason.  It would be nice if you'd display a warning that it won't suspend and keep using the GPS location until the battery dies, unless it is swipe killed. I understand that you don't want it to be suspended before the location is sent but you could at least provide a clear way to kill the application. It would also eliminate my first problem. I would personally never have noticed that my phone number wasn't saved and found a ""work around"" if it hadn't killed my battery. Not something you want to fiddle with in case of an emergency.  Finally, 42 MB... why? So you didn't have to touch Java? I suppose all versions run on QT and they don't need to be certified individually, but judging from the quality the certification process can't be very thorough. The mobile applications seems really simple so I can't justify the size and load time/splash screen compared, well, native applications of acceptable quality. QT is definitely overkill for this case.",1,12,1.0.119,2015-06-19 04:05:30,,
f5f1b366-b06b-4bc4-b9f5-1eed5f6f9480,A Google user,https://play-lh.googleusercontent.com/EGemoI2NTXmTsBVtJqk8jxF9rh8ApRWfsIMQSt2uE4OcpQqbFu7f7NbTK05lx80nuSijCz7sc3a277R67g,"N√§emm√§ n√§ytt√§√§ per√§ti tekstit englanniksi, koska k√§yt√§n sit√§ puhelimen kielen√§. Itsell√§ kysyi nroa vain ekalla k√§ynnistyksell√§. Kuulemma pit√§√§ 1-4 kertaa sy√∂tt√§√§ se bugin takia, jota ovat korjaamassa.",4,0,1.0.119,2015-06-18 21:36:29,,
af2bcccf-77af-48f9-98b3-e52405a34cdd,A Google user,https://play-lh.googleusercontent.com/EGemoI2NTXmTsBVtJqk8jxF9rh8ApRWfsIMQSt2uE4OcpQqbFu7f7NbTK05lx80nuSijCz7sc3a277R67g,Fault code and it won't install,2,0,,2015-06-18 17:30:26,,
35a8765d-dfcc-4e6b-bd1b-46d7e57fe3a1,A Google user,https://play-lh.googleusercontent.com/EGemoI2NTXmTsBVtJqk8jxF9rh8ApRWfsIMQSt2uE4OcpQqbFu7f7NbTK05lx80nuSijCz7sc3a277R67g,"Bra id√©, speciellt i sk√§rg√•rden!",4,1,1.0.119,2015-06-18 16:57:21,,
1bdcd9c9-b727-4b64-9fe3-ee54f584f5d5,A Google user,https://play-lh.googleusercontent.com/EGemoI2NTXmTsBVtJqk8jxF9rh8ApRWfsIMQSt2uE4OcpQqbFu7f7NbTK05lx80nuSijCz7sc3a277R67g,"Miten ihmeess√§ t√§mm√∂inen tekele on voinut p√§√§st√§ laadunvalvonnasta l√§pi? Puhelinnumero kysyt√§√§n joka kerta uudelleen (selv√§ bugi), asennuspaketilla on kokoa 12 megaa mik√§ nostaa merkitt√§v√§sti kynnyst√§ ladata t√§t√§ 2G:n yli vaikkapa m√∂kill√§ (t√§t√§ ei voi selitt√§√§ mik√§√§n muu kuin fiksaatio tunkea sit√§ Qt:ta joka paikkaan sill√§kin uhalla ett√§ softan koko n. 20-kertaistuu)  ja jostain ihmeen syyst√§ joka kerta k√§ynnistyksen yhteydess√§ n√§ytet√§√§n v√§kisin splash screen, mik√§ varmaan l√§mmitt√§√§ mielt√§ siin√§ vaiheessa kun on onnistunut sahaamaan jalkansa poikki ja vuotaa kuiviin. Mulle on henk koht ihan sama jos t√§mm√∂ist√§ roskaa myyd√§√§n yksityisen puolen asiakkaille miljoonilla, mutta siin√§ vaiheessa kun n√§inkin kriittinen julkinen palvelu, jonka toimimattomuus maksetaan pahimmillaan ihmishengill√§ ,toteutetaan n√§in totaalisen ammattitaidottomasti, niin alkaa liev√§sti sanottuna ketuttaa. Yksi t√§hti viidest√§ ja haistakaa ***ka.",1,16,1.0.119,2015-06-18 15:47:57,,
0ca538a3-9183-4855-9973-c7111123a6d8,A Google user,https://play-lh.googleusercontent.com/EGemoI2NTXmTsBVtJqk8jxF9rh8ApRWfsIMQSt2uE4OcpQqbFu7f7NbTK05lx80nuSijCz7sc3a277R67g,T√§m√§n tason sovelluksen tulisi pakottaa sijaintipalvelut p√§√§lle tai ainakin yritt√§√§ sit√§. Ite en henk.koht. pid√§ niit√§ p√§√§ll√§ koska sy√∂v√§t akun samantien.,4,7,1.0.119,2015-06-18 14:40:23,,
0094b556-bb37-40a4-ab66-1b6cfd54cc0c,A Google user,https://play-lh.googleusercontent.com/EGemoI2NTXmTsBVtJqk8jxF9rh8ApRWfsIMQSt2uE4OcpQqbFu7f7NbTK05lx80nuSijCz7sc3a277R67g,"Hyv√§ idea, toteutukselta toivon jatkossa enemm√§n. Ensiapu/toimintaohjeet? Sallikaa my√∂s ip puhelut jos esim. k√§nnykk√§verkko on alhaalla tai ei kuuluvissa mutta wifi toimii. Mahdollistaisi my√∂s tabletilla soittamisen h√§t√§numeroon. Vaikka ei olekaan varmasti ensisijainen tapa, toimisi varaj√§rjestelm√§n√§. Puhelinnumeron kysely tuntuu tulevan uudestaan kun k√§ynnist√§√§ sovelluksen mutta ei joka kerta. Toimiiko salaisen numeron kanssa jos piilotettu oletuksena? Toimiiko jos puhelu yhdistyy mutta ei ole dataverkkoa?",3,3,1.0.119,2015-06-18 06:47:14,,
a1d70967-7368-4477-b882-1ccc64186967,A Google user,https://play-lh.googleusercontent.com/EGemoI2NTXmTsBVtJqk8jxF9rh8ApRWfsIMQSt2uE4OcpQqbFu7f7NbTK05lx80nuSijCz7sc3a277R67g,"Toimii Jollassa ihan n√§tisti. Oikeaa h√§t√§puhelua en ole viel√§ soittanut. Olisi hyv√§, jos sovellus n√§ytt√§isi karttan√§kym√§n tai muun jolla n√§kisi onko koordinaatit oikein. Esimerkiksi t√§ss√§ sis√§ll√§ puhelimella ei varmasti ole tarkkaa sijaintia tiedossa.",4,6,1.0.119,2015-06-17 19:43:11,,
bda7b931-8145-42a6-8776-6d00269ce7ae,A Google user,https://play-lh.googleusercontent.com/EGemoI2NTXmTsBVtJqk8jxF9rh8ApRWfsIMQSt2uE4OcpQqbFu7f7NbTK05lx80nuSijCz7sc3a277R67g,Miksi ohjelma tarvitsee k√§ytt√§j√§n puhelinnumeron? Miten n√§in yksinkertainen ohjelma voi vied√§ yli 40 Mt tilaa puhelimessa?,4,3,1.0.119,2015-06-17 12:22:42,"""Puhelinnumero tarvitaan, jotta sijaintitieto voidaan h√§t√§tilanteessa yhdist√§√§ oikeaan h√§t√§puheluun.

Numeroa ei k√§ytet√§ henkil√∂tietojen hakemiseen tai mink√§√§n muun tietojen v√§litt√§miseen; H√§t√§keskusp√§ivyst√§j√§ n√§kee ainoastaan numeron, josta puhelu tulee, ja sijaintitiedon.""

L√§hde: http://www.digia.com/112suomi/",2015-06-17 13:13:21
256c9421-a6e7-4276-ac9c-b5eb28ed4e85,A Google user,https://play-lh.googleusercontent.com/EGemoI2NTXmTsBVtJqk8jxF9rh8ApRWfsIMQSt2uE4OcpQqbFu7f7NbTK05lx80nuSijCz7sc3a277R67g,Miksi puhelinnumero pit√§√§ sy√∂tt√§√§ joka kerta kun sovellus k√§ynnistet√§√§n? Bugi vai ominaisuus?,4,2,1.0.114,2015-06-17 11:27:07,"Kyseess√§ on valitettava virhe, jota emme ole viel√§ saaneet korjatuksi. Sovellus kysyy tyypillisesti 1-4 kertaa tuota numeroa sovelluksen k√§ynnistyksen yhteydess√§, mutta tallennuttuaan kerran oikein, numeroa ei tarvitse en√§√§ sy√∂tt√§√§. Jatkamme vian selvityst√§, mutta kannattaa k√§ynnist√§√§ sovellus useaan kertaan kunnes se ei en√§√§ kysy numeroa.",2015-06-17 11:42:34
